Date,"Student Username",File,Score,Errors
07/18/2023,demo_student,"Taylor Test",20%,4
07/18/2023,demo_student,"Taylor Test",20%,4
08/24/2023,demo_student,"Taylor Test",20%,4
08/24/2023,demo_student,"Taylor Songs",75%,1
08/24/2023,demo_student,"Taylor Test",60%,2
08/29/2023,demo_student,"Taylor Test",100%,0
04/12/2024,demo_student,"Taylor Test",20%,4
04/29/2024,demo_student,"Taylor Test",40%,3
04/29/2024,demo_student,"Taylor Test",40%,3
05/06/2024,demo_student,"Taylor Test",60%,2
08/02/2024,demo_student,"Carly Song Titles",100%,0
08/12/2024,demo_student,"Taylor Songs",100%,0
08/12/2024,demo_student,"Carly Song Titles",20%,4
08/12/2024,demo_student,"Taylor Test",,5
08/12/2024,demo_student,"Taylor Test",40%,3
08/12/2024,demo_student,"Taylor Test",40%,3
08/12/2024,demo_student,"Taylor Test",40%,3
08/12/2024,demo_student,"Taylor Test",40%,3
08/12/2024,demo_student,"Taylor Test",40%,3
08/12/2024,demo_student,"Taylor Test",40%,3
08/12/2024,demo_student,"Taylor Test",40%,3
08/12/2024,demo_student,"Taylor Test",40%,3
08/12/2024,demo_student,"Taylor Test",40%,3
08/12/2024,demo_student,"Taylor Test",40%,3
08/12/2024,demo_student,"Taylor Test",40%,3
08/12/2024,demo_student,"Taylor Test",,5
08/12/2024,demo_student,"Taylor Test",60%,2
08/12/2024,demo_student,"Taylor Test",40%,3
08/12/2024,demo_student,"Taylor Test",40%,3
08/12/2024,demo_student,"Taylor Test",40%,3
08/12/2024,demo_student,"Taylor Test",40%,3
08/12/2024,demo_student,"Taylor Test",40%,3
08/12/2024,demo_student,"Taylor Test",40%,3
08/12/2024,demo_student,"Taylor Test",40%,3
08/12/2024,demo_student,"Taylor Test",40%,3
08/12/2024,demo_student,"Taylor Test",40%,3
08/12/2024,demo_student,"Taylor Test",40%,3
08/12/2024,demo_student,"Taylor Test",40%,3
08/12/2024,demo_student,"Taylor Test",40%,3
08/12/2024,demo_student,"Taylor Test",40%,3
08/12/2024,demo_student,"Taylor Test",40%,3
08/12/2024,demo_student,"Taylor Test",40%,3
08/12/2024,demo_student,"Taylor Test",40%,3
08/12/2024,demo_student,"Taylor Test",40%,3
08/12/2024,demo_student,"Carly Song Titles",20%,4
08/12/2024,demo_student,"Taylor Test",20%,4
08/12/2024,demo_student,"Taylor Test",40%,3
08/12/2024,demo_student,"Taylor Test",40%,3
08/12/2024,demo_student,"Taylor Test",40%,3
08/12/2024,demo_student,"Taylor Test",40%,3
08/12/2024,demo_student,"Taylor Test",40%,3
08/12/2024,demo_student,"Taylor Test",40%,3
08/22/2024,demo_student,"Taylor Test",40%,3
08/27/2024,demo_student,"Taylor Test",40%,3
08/27/2024,demo_student,"Taylor Test",40%,3
08/27/2024,demo_student,"Taylor Test",40%,3
08/27/2024,demo_student,"Taylor Test",40%,3
08/27/2024,demo_student,"Carly Song Titles",16%,5
09/05/2024,demo_student,"Taylor Test",,5
09/05/2024,demo_student,"Carly Song Titles",50%,3
09/05/2024,demo_student,"Taylor Test",20%,4
09/05/2024,demo_student,"Taylor Test",20%,4
09/10/2024,demo_student,"Taylor Test",,6
09/11/2024,demo_student,"Taylor Test",40%,3
09/16/2024,demo_student,"Carly Song Titles",33%,4
09/16/2024,demo_student,"Taylor Test",20%,4
09/16/2024,demo_student,"Carly Song Titles",16%,5
10/30/2024,demo_student,"Taylor Test",40%,3
12/07/2024,demo_student,"Taylor Test",,5
12/07/2024,demo_student,"Taylor Test",100%,0
12/07/2024,demo_student,"Taylor Test",80%,1
02/05/2025,demo_student,"Taylor Test",100%,0
02/06/2025,demo_student,"Taylor Test",100%,0
02/10/2025,demo_student,"Taylor Test",60%,2
05/07/2025,demo_student,"Taylor Deck",66%,2
05/07/2025,demo_student,"Taylor Test",,5
05/09/2025,demo_student,"Taylor Test",,5
05/09/2025,demo_student,"Taylor Test",60%,2
05/25/2025,demo_student,"Taylor Deck",,5
05/28/2025,demo_student,"Taylor Deck",20%,4
05/28/2025,demo_student,"Taylor Deck",20%,4
05/28/2025,demo_student,"Taylor Deck",,5
05/28/2025,demo_student,"Taylor Deck",40%,3
05/28/2025,demo_student,"Taylor Deck",40%,3
05/28/2025,demo_student,"Taylor Deck",100%,0
05/28/2025,demo_student,"Taylor Deck",100%,0
05/28/2025,demo_student,"Taylor Deck",40%,3
05/28/2025,demo_student,"Taylor Deck",20%,4
05/28/2025,demo_student,"Taylor Deck",100%,0
05/28/2025,demo_student,"Taylor Deck",100%,0
05/28/2025,demo_student,"Taylor Test",20%,4
05/28/2025,demo_student,"Taylor Test",40%,3
05/28/2025,demo_student,"Taylor Test",40%,3
05/28/2025,demo_student,"Taylor Deck",40%,3
05/28/2025,demo_student,"Taylor Test",20%,4
05/28/2025,demo_student,"Taylor Test",40%,3
05/28/2025,demo_student,"Taylor Test",40%,3
05/28/2025,demo_student,"Taylor Test",20%,4
05/28/2025,demo_student,"Taylor Test",40%,3
05/28/2025,demo_student,"Taylor Test",,5
05/28/2025,demo_student,"Taylor Test",,5
05/28/2025,demo_student,"Taylor Test",40%,3
05/28/2025,demo_student,"Taylor Test",40%,3
05/28/2025,demo_student,"Taylor Test",40%,3
05/28/2025,demo_student,"Taylor Test",40%,3
05/28/2025,demo_student,"Taylor Test",20%,4
05/28/2025,demo_student,"Taylor Test",40%,3
05/28/2025,demo_student,"Taylor Deck",20%,4
05/28/2025,demo_student,"Taylor Deck",20%,4
05/28/2025,demo_student,"Taylor Test",40%,3
05/28/2025,demo_student,"Taylor Test",40%,3
05/29/2025,demo_student,"Taylor Test",20%,4
05/29/2025,demo_student,"Taylor Test",20%,4
05/30/2025,demo_student,"Taylor Deck",40%,3
05/30/2025,demo_student,"Taylor Test",40%,3
05/30/2025,demo_student,"Taylor Test",80%,1
05/30/2025,demo_student,"New Test",60%,2
05/30/2025,demo_student,"New Test",20%,4
05/30/2025,demo_student,"New Test",40%,3
05/30/2025,demo_student,"New Test",40%,3
05/30/2025,demo_student,"New Test",40%,3
05/30/2025,demo_student,"New Test",100%,0
05/30/2025,demo_student,"New Test",80%,1
05/30/2025,demo_student,"New Test",100%,0
05/30/2025,demo_student,"New Test",80%,1
05/30/2025,demo_student,"New Test",80%,1
05/30/2025,demo_student,"New Test",80%,1
05/30/2025,demo_student,"New Test",80%,1
05/30/2025,demo_student,"New Test",80%,1
05/30/2025,demo_student,"New Test",80%,1
05/30/2025,demo_student,"New Test",80%,1
05/30/2025,demo_student,"New Test",60%,2
05/30/2025,demo_student,"New Test",60%,2
07/01/2025,demo_student,"Old Test Example",60%,2
07/30/2025,demo_student,"London Underground",100%,0
07/30/2025,demo_student,"Newton's Laws of Motion",22%,7
07/30/2025,demo_student,"London Underground",100%,0
07/30/2025,demo_student,"Old Test Example",33%,4
07/30/2025,demo_student,"new deck",25%,3
07/30/2025,demo_student,"Old Test Example 2",,6
07/30/2025,demo_student,"new deck",25%,3
07/30/2025,demo_student,"new deck",,4
07/30/2025,demo_student,"new deck",25%,3
07/30/2025,demo_student,"new deck",50%,2
07/30/2025,demo_student,"new deck",50%,2
07/31/2025,demo_student,"new deck",50%,2
07/31/2025,demo_student,"I love mcdonalds",100%,0
07/31/2025,demo_student,"London Underground",50%,1
07/31/2025,demo_student,"I love mcdonalds",100%,0
08/01/2025,demo_student,christine,20%,4
08/01/2025,demo_student,"I love mcdonalds",100%,0
08/01/2025,demo_student,"I love mcdonalds",50%,1
09/11/2025,demo_student,"Rocky Mountain reading",100%,0
09/11/2025,demo_student,"JAWS RFB commands ",52%,10
09/15/2025,demo_student,"I love mcdonalds",100%,0
09/15/2025,demo_student,"London Underground",100%,0
