"Display Name",Username,Teacher,School,"Last Active"
Update_basic,update_basic,demo_teacher,"Awesome AT School","Aug 09, 2024"
Update_basic_braille,update_basic_braille,demo_teacher,"Awesome AT School","Aug 09, 2024"
Zentech,zentech,demo_teacher,"Awesome AT School","Mar 31, 2025"
Lola,demo_student,demo_teacher,"Awesome AT School","Nov 12, 2025"
Devang_basic,devang_basic,demo_teacher,"Awesome AT School","Jul 15, 2025"
Update_basic,update_basic,demo_teacher,"Awesome AT School","Aug 09, 2024"
Update_basic_braille,update_basic_braille,demo_teacher,"Awesome AT School","Aug 09, 2024"
Zentech,zentech,demo_teacher,"Awesome AT School","Mar 31, 2025"
Lola,demo_student,demo_teacher,"Awesome AT School","Nov 12, 2025"
Devang_basic,devang_basic,demo_teacher,"Awesome AT School","Jul 15, 2025"
Update_basic,update_basic,demo_teacher,"Awesome AT School","Aug 09, 2024"
Update_basic_braille,update_basic_braille,demo_teacher,"Awesome AT School","Aug 09, 2024"
Zentech,zentech,demo_teacher,"Awesome AT School","Mar 31, 2025"
Lola,demo_student,demo_teacher,"Awesome AT School","Nov 12, 2025"
Devang_basic,devang_basic,demo_teacher,"Awesome AT School","Jul 15, 2025"
